<?xml version="1.0" encoding="utf-8" ?>
<LinearLayout xmlns:android="http://schemas.android.com/apk/res/android" xmlns:app="http://schemas.android.com/apk/res-auto" android:orientation="vertical" android:layout_width="fill_parent" android:layout_height="wrap_content">
	<View android:id="@id/list_bottom_shadow" style="@style/ListBottomShadow" />
	<com.whatsapp.InfoCard android:layout_width="fill_parent" android:layout_height="wrap_content" app:icContentColor="@color/primary_surface" style="@style/InfoCard">
		<LinearLayout android:id="@id/exit_group_btn" style="@style/ContactInfoRow">
			<com.whatsapp.WaImageView android:id="@id/exit_group_icon" android:src="@drawable/ic_exit_group" style="@style/ContactInfoFooterButtonIcon" />
			<com.whatsapp.WaTextView android:id="@id/exit_group_text" android:text="@string/exit_group" style="@style/ContactInfoFooterButtonText" />
		</LinearLayout>
	</com.whatsapp.InfoCard>
	<com.whatsapp.InfoCard android:id="@id/report_group" android:layout_width="fill_parent" android:layout_height="wrap_content" app:icContentColor="@color/primary_surface" style="@style/InfoCard">
		<LinearLayout android:id="@id/report_group_btn" style="@style/ContactInfoRow">
			<com.whatsapp.WaImageView android:id="@id/report_group_icon" android:src="@drawable/ic_spam_report" style="@style/ContactInfoFooterButtonIcon" />
			<com.whatsapp.WaTextView android:id="@id/report_group_text" android:text="@string/report_group" style="@style/ContactInfoFooterButtonText" />
		</LinearLayout>
	</com.whatsapp.InfoCard>
</LinearLayout>
